TF,Target
YDR253C,YAL012W
YFL031W,YAL022C
YPL075W,YAL038W
YGL209W,YAL044C
YBL021C,YAL044C
YJL089W,YAL054C
YAL051W,YAL054C
YKL185W,YAL060W
YMR280C,YAL062W
YJR060W,YAR071W
YKL109W,YBL015W
YFL021W,YBL015W
YEL009C,YBL030C
YKL109W,YBL030C
YBL021C,YBL030C
YGL209W,YBL030C
YKL109W,YBL045C
YBR083W,YBL045C
YML007W,YBL064C
YKL062W,YBL064C
YBL103C,YBL076C
YKL109W,YBL099W
YEL009C,YBL099W
YOR358W,YBR003W
YHR206W,YBR003W
YNL167C,YBR004C
YGL166W,YBR004C
YKR064W,YBR004C
YBR182C,YBR004C
YKL112W,YBR004C
YGR044C,YBR006W
YMR021C,YBR018C
YCL055W,YBR023C
YPL089C,YBR023C
YGR044C,YBR026C
YDR123C,YBR029C
YHR206W,YBR035C
YBL103C,YBR036C
YDR146C,YBR038W
YLR131C,YBR038W
YKL109W,YBR039W
YEL009C,YBR039W
YKR034W,YBR068C
YDR253C,YBR069C
YPL089C,YBR069C
YDR034C,YBR085W
YMR042W,YBR092C
YBL103C,YBR115C
YOR337W,YBR115C
YMR037C,YBR126C
YNL314W,YBR126C
YKL062W,YBR126C
YIL101C,YBR132C
YCR065W,YBR132C
YKL062W,YBR145W
YBL103C,YBR145W
YOR337W,YBR145W
YMR037C,YBR149W
YNL314W,YBR153W
YOR028C,YBR161W
YMR070W,YBR161W
YBR182C,YBR180W
YNL204C,YBR180W
YPR065W,YBR183W
YBR182C,YBR183W
YPL075W,YBR196C
YNL204C,YBR196C
YFL031W,YBR196C
YDR253C,YBR213W
YEL009C,YBR221C
YPR065W,YBR244W
YBL103C,YBR248C
YOR337W,YBR248C
YEL009C,YBR249C
YPL089C,YBR249C
YBL103C,YBR256C
YJL089W,YBR256C
YOL067C,YBR263W
YCR065W,YBR263W
YPR065W,YBR265W
YDR034C,YBR291C
YDR253C,YBR294W
YOR363C,YBR294W
YJR060W,YBR296C
YKL109W,YBR298C
YPL248C,YBR299W
YEL009C,YCL009C
YMR021C,YCL009C
YFL021W,YCL025C
YBL103C,YCL025C
YOR337W,YCL030C
YNL216W,YCL035C
YKL062W,YCL038C
YMR037C,YCL040W
YGL209W,YCL040W
YKL062W,YCL040W
YDR253C,YCL040W
YNL314W,YCL040W
YNL027W,YCR005C
YJL089W,YCR010C
YPL075W,YCR012W
YDR123C,YCR024C
YNL068C,YCR024C-A
YEL009C,YCR024C-A
YBR182C,YCR028C
YKL062W,YCR036W
YPR065W,YCR048W
YKL109W,YDL004W
YNL204C,YDL015C
YOR028C,YDL022W
YMR037C,YDL022W
YLR451W,YDL022W
YDL056W,YDL052C
YGR044C,YDL055C
YFL031W,YDL055C
YGL035C,YDL066W
YDL170W,YDL066W
YEL009C,YDL067C
YKL109W,YDL067C
YJL089W,YDL085W
YBR083W,YDL090C
YPR065W,YDL093W
YEL009C,YDL100C
YDL170W,YDL131W
YDR216W,YDL131W
YFL021W,YDL141W
YGL035C,YDL141W
YOR028C,YDL168W
YNL103W,YDL168W
YJR094C,YDL168W
YDR034C,YDL182W
YHR206W,YDL182W
YDL170W,YDL182W
YEL009C,YDL198C
YBL103C,YDL198C
YDL170W,YDL198C
YKR034W,YDL210W
YMR037C,YDR001C
YKL062W,YDR001C
YCL055W,YDR007W
YKL062W,YDR019C
YBR182C,YDR019C
YGL209W,YDR019C
YBL005W,YDR019C
YDR034C,YDR035W
YDL170W,YDR035W
YDR034C,YDR037W
YPR065W,YDR044W
YKL062W,YDR044W
YBR083W,YDR044W
YKL112W,YDR050C
YHR124W,YDR058C
YFL031W,YDR062W
YBR182C,YDR072C
YMR037C,YDR074W
YKL062W,YDR074W
YOR028C,YDR074W
YFL031W,YDR074W
YGL209W,YDR074W
YKL109W,YDR148C
YDR034C,YDR158W
YBL103C,YDR158W
YDL056W,YDR173C
YDL020C,YDR173C
YDR216W,YDR178W
YKL109W,YDR178W
YDR216W,YDR204W
YHR178W,YDR204W
YDL020C,YDR208W
YEL009C,YDR226W
YKL109W,YDR232W
YEL009C,YDR232W
YJL089W,YDR256C
YKL062W,YDR256C
YKL112W,YDR261C
YDR259C,YDR261C
YHR178W,YDR294C
YPR065W,YDR297W
YKL062W,YDR297W
YKL109W,YDR298C
YEL009C,YDR298C
YKL109W,YDR315C
YBL005W,YDR321W
YKL109W,YDR343C
YDR216W,YDR343C
YBR083W,YDR343C
YKL062W,YDR343C
YGL209W,YDR345C
YEL009C,YDR354W
YKL015W,YDR354W
YDL170W,YDR354W
YGL035C,YDR367W
YOR028C,YDR368W
YHR178W,YDR368W
YHR124W,YDR368W
YDL056W,YDR368W
YKL109W,YDR377W
YMR037C,YDR377W
YKL062W,YDR384C
YOR363C,YDR384C
YJL110C,YDR399W
YNL204C,YDR402C
YFL021W,YDR481C
YKR034W,YDR481C
YDR123C,YDR497C
YOR028C,YDR513W
YPR065W,YDR513W
YKL109W,YDR529C
YDL056W,YDR531W
YMR070W,YDR536W
YML099C,YDR536W
YEL009C,YEL017C-A
YFR034C,YEL017C-A
YKL109W,YEL024W
YPR065W,YEL024W
YLR256W,YEL024W
YKL038W,YEL024W
YGL209W,YEL024W
YOL028C,YEL039C
YEL009C,YEL046C
YKL185W,YEL047C
YPR065W,YEL047C
YHR206W,YEL047C
YPL089C,YEL058W
YDL170W,YEL063C
YKL062W,YEL069C
YKL112W,YEL071W
YMR037C,YER015W
YJL089W,YER015W
YOL028C,YER015W
YOR363C,YER015W
YEL009C,YER024W
YJL089W,YER024W
YKL062W,YER024W
YDR123C,YER026C
YNL204C,YER026C
YGR044C,YER037W
YGL209W,YER037W
YPL089C,YER037W
YBL103C,YER052C
YEL009C,YER052C
YER040W,YER052C
YOR337W,YER052C
YKL109W,YER053C
YKL062W,YER053C
YMR037C,YER053C
YGL035C,YER053C
YKL112W,YER053C
YBL103C,YER055C
YOR337W,YER055C
YLR176C,YER055C
YGL209W,YER060W
YGL035C,YER060W
YDL170W,YER060W
YPL248C,YER060W
YKL185W,YER060W
YMR037C,YER062C
YBR083W,YER062C
YJL089W,YER065C
YOL028C,YER065C
YBL103C,YER069W
YER040W,YER069W
YDR034C,YER073W
YER040W,YER073W
YKL112W,YER081W
YEL009C,YER086W
YHR206W,YER086W
YKL112W,YER086W
YDL170W,YER090W
YDR253C,YER091C
YIL101C,YER119C
YKL062W,YER141W
YFL021W,YER152C
YFL031W,YER152C
YGL254W,YER170W
YBL103C,YER175C
YJL089W,YER175C
YNL314W,YER175C
YDL170W,YER175C
YEL009C,YER178W
YMR280C,YFL011W
YJL089W,YFL022C
YGL166W,YFL030W
YFL031W,YFL045C
YKL062W,YFR015C
YIL101C,YFR015C
YLR256W,YFR015C
YDR253C,YFR030W
YKL109W,YFR033C
YGL209W,YFR033C
YMR070W,YFR033C
YDR216W,YFR053C
YKL062W,YFR053C
YMR037C,YFR053C
YNL068C,YGL008C
YLR098C,YGL008C
YGL013C,YGL012W
YOL028C,YGL012W
YKL062W,YGL037C
YDL170W,YGL037C
YEL009C,YGL055W
YKL109W,YGL055W
YKL062W,YGL062W
YFL031W,YGL063W
YDR123C,YGL077C
YER111C,YGL080W
YER111C,YGL125W
YDR253C,YGL125W
YBR182C,YGL154C
YDR253C,YGL184C
YGL071W,YGL184C
YKL109W,YGL187C
YEL009C,YGL187C
YKL038W,YGL187C
YGL209W,YGL187C
YKL109W,YGL191W
YKL038W,YGL191W
YPR065W,YGL191W
YEL009C,YGL202W
YOR337W,YGL202W
YKL062W,YGL205W
YOR363C,YGL205W
YCR065W,YGL225W
YDR423C,YGL225W
YGL209W,YGL234W
YGR044C,YGL248W
YPL089C,YGL248W
YGL209W,YGL253W
YJL056C,YGL256W
YGR044C,YGR019W
YDR216W,YGR032W
YGL166W,YGR032W
YLR256W,YGR032W
YPL089C,YGR032W
YOR028C,YGR032W
YBL005W,YGR060W
YBL103C,YGR065C
YJL089W,YGR065C
YDR253C,YGR087C
YGR044C,YGR088W
YKL062W,YGR088W
YMR070W,YGR088W
YGL035C,YGR094W
YDR123C,YGR096W
YMR043W,YGR096W
YJL089W,YGR110W
YKL062W,YGR110W
YER040W,YGR110W
YPR065W,YGR110W
YFL021W,YGR121C
YKL062W,YGR138C
YOL028C,YGR138C
YLR098C,YGR138C
YKL062W,YGR143W
YOL108C,YGR157W
YMR037C,YGR180C
YHR206W,YGR180C
YKL109W,YGR183C
YPR065W,YGR183C
YMR070W,YGR191W
YHR206W,YGR194C
YKL062W,YGR194C
YML007W,YGR209C
YPL075W,YGR240C
YKL109W,YGR243W
YGL071W,YGR248W
YMR037C,YGR248W
YKL062W,YGR248W
YIL101C,YGR248W
YJL089W,YGR256W
YEL009C,YGR282C
YLR176C,YGR287C
YKL109W,YGR289C
YOL028C,YGR289C
YEL009C,YHL011C
YKR034W,YHL016C
YBR182C,YHL016C
YOL028C,YHL032C
YDR253C,YHL036W
YKL109W,YHR001W-A
YPR065W,YHR001W-A
YOR028C,YHR011W
YJL089W,YHR018C
YDL170W,YHR018C
YBL103C,YHR018C
YOR337W,YHR018C
YDR034C,YHR018C
YEL009C,YHR026W
YPL075W,YHR046C
YMR042W,YHR046C
YNL068C,YHR046C
YKL109W,YHR051W
YGR044C,YHR067W
YOL108C,YHR067W
YDR123C,YHR067W
YGL209W,YHR092C
YKL062W,YHR092C
YGL209W,YHR094C
YDR216W,YHR094C
YGL035C,YHR094C
YGL035C,YHR096C
YJL089W,YHR096C
YGL166W,YHR096C
YGR044C,YHR104W
YKR034W,YHR104W
YHR206W,YHR104W
YKL038W,YHR123W
YPR065W,YHR123W
YHR206W,YHR128W
YDL020C,YHR137W
YHR084W,YHR144C
YDR216W,YHR144C
YOL028C,YHR144C
YEL009C,YHR162W
YOR337W,YHR162W
YHR206W,YHR190W
YDR216W,YHR208W
YMR037C,YHR216W
YOR358W,YHR216W
YKL062W,YHR216W
YPL075W,YHR216W
YKL185W,YIL009W
YMR037C,YIL053W
YPL075W,YIL053W
YKL109W,YIL053W
YBR083W,YIL053W
YIL101C,YIL066C
YBL021C,YIL066C
YCR065W,YIL066C
YDR253C,YIL074C
YLR256W,YIL083C
YNL027W,YIL083C
YEL009C,YIL094C
YDR034C,YIL094C
YIL101C,YIL099W
YKL062W,YIL111W
YPR065W,YIL111W
YDL020C,YIL111W
YKL185W,YIL111W
YGR044C,YIL111W
YOR337W,YIL116W
YBL103C,YIL116W
YGL209W,YIL124W
YAL051W,YIL145C
YDR216W,YIL155C
YPR065W,YIL155C
YOR363C,YIL160C
YIL101C,YIL160C
YJL110C,YIL162W
YPL248C,YIL162W
YKR034W,YIR028W
YKR034W,YIR029W
YFL021W,YIR029W
YKR034W,YIR031C
YFL021W,YIR032C
YKR034W,YIR032C
YDR034C,YIR034C
YOR337W,YIR034C
YDL170W,YIR034C
YDR216W,YIR034C
YGL209W,YIR037W
YNL068C,YJL026W
YOL028C,YJL045W
YIL101C,YJL045W
YJL089W,YJL045W
YLR256W,YJL052W
YDR253C,YJL060W
YJL089W,YJL088W
YBL103C,YJL088W
YPR065W,YJL100W
YKL038W,YJL100W
YDR253C,YJL101C
YML007W,YJL101C
YNL167C,YJL137C
YDR123C,YJL153C
YOL108C,YJL153C
YPL089C,YJL155C
YJL089W,YJL155C
YKL109W,YJL166W
YMR070W,YJL166W
YOR028C,YJL196C
YKL062W,YJL196C
YDR253C,YJL212C
YGL209W,YJL214W
YNL204C,YJL216C
YKL015W,YJL216C
YGL209W,YJL219W
YPL248C,YJL221C
YDR253C,YJR010W
YBR083W,YJR025C
YGL035C,YJR025C
YPR065W,YJR048W
YKL109W,YJR048W
YOL028C,YJR048W
YOR358W,YJR048W
YKL038W,YJR048W
YOL108C,YJR073C
YEL009C,YJR077C
YKL109W,YJR077C
YDL170W,YJR109C
YEL009C,YJR109C
YPR065W,YJR109C
YBL103C,YJR109C
YKL185W,YJR110W
YEL009C,YJR121W
YKL109W,YJR121W
YDL170W,YJR130C
YBL103C,YJR130C
YKL015W,YJR130C
YDR123C,YJR133W
YOL108C,YJR133W
YDR253C,YJR137C
YFL031W,YJR143C
YKR034W,YJR152W
YJL110C,YJR152W
YCL055W,YJR153W
YNL204C,YJR153W
YDR259C,YJR158W
YGR044C,YJR158W
YGL166W,YJR158W
YDR259C,YJR159W
YDR253C,YKL001C
YBR182C,YKL001C
YGR044C,YKL008C
YFL031W,YKL008C
YPL248C,YKL008C
YKL109W,YKL016C
YPL248C,YKL024C
YCL055W,YKL029C
YEL009C,YKL035W
YGL254W,YKL035W
YKL062W,YKL035W
YEL009C,YKL060C
YKL109W,YKL085W
YGL209W,YKL085W
YMR021C,YKL085W
YCL055W,YKL104C
YPL089C,YKL104C
YGL035C,YKL104C
YKL015W,YKL106W
YJR094C,YKL106W
YBL103C,YKL106W
YKL015W,YKL120W
YPL089C,YKL120W
YNL204C,YKL132C
YKL109W,YKL141W
YKL109W,YKL148C
YLR256W,YKL152C
YIL036W,YKL165C
YGL166W,YKL174C
YEL009C,YKL181W
YGR044C,YKL184W
YJL089W,YKL188C
YKR064W,YKL188C
YOR358W,YKL194C
YDL170W,YKL211C
YBL103C,YKL211C
YKL015W,YKL211C
YKL109W,YKL217W
YMR280C,YKL217W
YKL062W,YKL217W
YFL021W,YKR039W
YKR034W,YKR039W
YKL062W,YKR058W
YKL109W,YKR058W
YBR182C,YKR061W
YPL089C,YKR061W
YHR124W,YKR061W
YKL038W,YKR066C
YDR253C,YKR069W
YBR083W,YKR089C
YMR037C,YKR097W
YJL089W,YKR097W
YPL089C,YLL012W
YDL020C,YLL028W
YHR178W,YLL028W
YKL062W,YLL028W
YKL109W,YLL041C
YKL062W,YLL041C
YGL209W,YLL041C
YLR176C,YLL043W
YBR182C,YLL052C
YDR253C,YLL061W
YLR228C,YLL061W
YKL062W,YLL061W
YDR253C,YLL062C
YLR014C,YLR020C
YKL109W,YLR038C
YEL009C,YLR038C
YLR256W,YLR056W
YBR182C,YLR058C
YMR037C,YLR060W
YOR028C,YLR081W
YEL009C,YLR089C
YDR253C,YLR092W
YDR123C,YLR133W
YEL009C,YLR138W
YHR084W,YLR138W
YKR034W,YLR142W
YFL021W,YLR142W
YPR065W,YLR153C
YLR098C,YLR153C
YHR206W,YLR172C
YJL089W,YLR174W
YDR253C,YLR180W
YKL062W,YLR201C
YMR021C,YLR237W
YOL067C,YLR245C
YKL062W,YLR258W
YGR044C,YLR258W
YOR028C,YLR258W
YIL101C,YLR258W
YOR363C,YLR284C
YKL109W,YLR295C
YKL185W,YLR300W
YIL036W,YLR300W
YKL062W,YLR300W
YGR044C,YLR300W
YDR253C,YLR303W
YDL170W,YLR303W
YKL109W,YLR304C
YBL005W,YLR304C
YKR034W,YLR307W
YEL009C,YLR355C
YMR021C,YLR355C
YGL209W,YLR359W
YMR021C,YLR359W
YJL089W,YLR377C
YLR256W,YLR386W
YKR064W,YLR386W
YKL109W,YLR395C
YKL185W,YLR395C
YGL071W,YLR420W
YKL112W,YLR438W
YGL254W,YLR438W
YGL013C,YLR447C
YLR256W,YLR450W
YIL131C,YML008C
YJL089W,YML042W
YPR065W,YML054C
YPR065W,YML075C
YMR037C,YML100W
YKL062W,YML100W
YIL101C,YML100W
YEL009C,YML106W
YKL109W,YML120C
YJR060W,YML123C
YOL028C,YML126C
YPR065W,YML126C
YKL062W,YML126C
YGR044C,YMR006C
YMR021C,YMR008C
YPR065W,YMR009W
YDR253C,YMR009W
YGL035C,YMR011W
YPR065W,YMR015C
YMR021C,YMR020W
YPL075W,YMR020W
YPR065W,YMR020W
YNL103W,YMR041C
YDL170W,YMR062C
YBL103C,YMR062C
YKL112W,YMR083W
YKR034W,YMR088C
YFL021W,YMR088C
YEL009C,YMR088C
YKL062W,YMR105C
YGL071W,YMR105C
YDR034C,YMR108W
YEL009C,YMR108W
YOR337W,YMR108W
YOR363C,YMR108W
YGL209W,YMR120C
YKL109W,YMR145C
YPR065W,YMR145C
YOL028C,YMR145C
YBL021C,YMR145C
YLR256W,YMR145C
YNL216W,YMR170C
YLR228C,YMR189W
YGL209W,YMR189W
YBL005W,YMR189W
YPL075W,YMR205C
YPR065W,YMR220W
YMR037C,YMR226C
YIL131C,YMR241W
YLR256W,YMR246W
YLR228C,YMR246W
YIL101C,YMR250W
YKL062W,YMR250W
YGL209W,YMR250W
YNL216W,YMR250W
YGR044C,YMR250W
YKL109W,YMR256C
YMR280C,YMR256C
YMR037C,YMR261C
YKL185W,YMR267W
YKL062W,YMR272C
YKL038W,YMR278W
YHR084W,YMR278W
YPL075W,YMR278W
YGL209W,YMR300C
YJR094C,YMR318C
YOR028C,YMR318C
YDR253C,YMR319C
YGL166W,YNL003C
YOR363C,YNL009W
YBR182C,YNL029C
YKL109W,YNL037C
YPR065W,YNL052W
YKL109W,YNL052W
YMR037C,YNL052W
YKL038W,YNL052W
YLR256W,YNL052W
YOR358W,YNL073W
YJL110C,YNL101W
YEL009C,YNL104C
YDL170W,YNL104C
YJL089W,YNL117W
YOR337W,YNL129W
YJL089W,YNL141W
YOR337W,YNL141W
YFL021W,YNL142W
YKR034W,YNL142W
YOL108C,YNL169C
YDR123C,YNL169C
YGL166W,YNL192W
YPL089C,YNL192W
YNL027W,YNL192W
YHR084W,YNL192W
YKL062W,YNL202W
YKL112W,YNL220W
YOL028C,YNL220W
YML007W,YNL241C
YFL031W,YNL241C
YJL089W,YNL270C
YDR253C,YNL277W
YMR280C,YNL318C
YMR021C,YNL325C
YKL109W,YNR001C
YFL031W,YNR008W
YLR451W,YNR008W
YNL068C,YNR013C
YIR023W,YNR041C
YKL038W,YNR041C
YDR034C,YNR050C
YHR206W,YNR050C
YJL089W,YNR058W
YGR044C,YNR067C
YKL185W,YNR067C
YNL216W,YNR067C
YGL166W,YOL011W
YOR358W,YOL033W
YJL056C,YOL049W
YBL103C,YOL058W
YDR034C,YOL058W
YDL170W,YOL058W
YMR280C,YOL059W
YPL075W,YOL059W
YOR337W,YOL064C
YOR358W,YOL096C
YPR065W,YOL096C
YDR216W,YOL126C
YMR043W,YOL126C
YGL209W,YOL136C
YKL062W,YOL136C
YMR037C,YOL136C
YOR337W,YOL136C
YOR337W,YOL140W
YPL075W,YOL140W
YHR178W,YOL140W
YOR028C,YOL151W
YBR083W,YOL151W
YBL005W,YOL151W
YMR037C,YOL151W
YGL209W,YOR011W
YDR146C,YOR025W
YLR131C,YOR025W
YOR028C,YOR054C
YKL109W,YOR065W
YPR065W,YOR065W
YKL038W,YOR065W
YLR228C,YOR065W
YBR083W,YOR065W
YDR123C,YOR095C
YFL031W,YOR099W
YJL089W,YOR100C
YEL009C,YOR108W
YKL062W,YOR120W
YOR028C,YOR120W
YMR070W,YOR128C
YOR337W,YOR130C
YDL170W,YOR130C
YKL109W,YOR136W
YEL009C,YOR142W
YLR098C,YOR142W
YAL051W,YOR143C
YGL071W,YOR175C
YDL020C,YOR180C
YOR363C,YOR180C
YDL170W,YOR202W
YOR337W,YOR202W
YEL009C,YOR303W
YPR065W,YOR303W
YEL009C,YOR311C
YOR028C,YOR317W
YMR070W,YOR317W
YAL051W,YOR317W
YOR337W,YOR323C
YLR176C,YOR323C
YOR337W,YOR335C
YLR256W,YOR347C
YPR065W,YOR348C
YKR034W,YOR360C
YOR028C,YOR374W
YFL021W,YOR375C
YLR228C,YOR377W
YKL062W,YPL015C
YDL170W,YPL015C
YGL035C,YPL023C
YLR098C,YPL036W
YDR423C,YPL036W
YOR358W,YPL040C
YPL089C,YPL053C
YKL109W,YPL057C
YGL166W,YPL057C
YKL062W,YPL061W
YOR028C,YPL061W
YMR070W,YPL061W
YJR094C,YPL061W
YLR098C,YPL069C
YKL109W,YPL078C
YGL035C,YPL078C
YDR216W,YPL087W
YGR044C,YPL087W
YOR028C,YPL091W
YGL209W,YPL092W
YOR358W,YPL097W
YOR358W,YPL104W
YPL089C,YPL110C
YPR065W,YPL117C
YOR363C,YPL147W
YEL009C,YPL160W
YOR358W,YPL172C
YEL009C,YPL188W
YPR065W,YPL188W
YGL209W,YPL189W
YLR451W,YPL234C
YKL109W,YPL262W
YNL204C,YPL265W
YKR034W,YPL265W
YGL071W,YPL265W
YJR094C,YPR001W
YKL109W,YPR002W
YJR094C,YPR006C
YGL035C,YPR020W
YKL109W,YPR020W
YIL101C,YPR026W
YOR358W,YPR047W
YGR044C,YPR060C
YMR070W,YPR113W
YBR182C,YPR121W
YPR065W,YPR128C
YNL068C,YPR138C
YAL051W,YPR138C
YCL055W,YPR140W
YOR337W,YPR145W
YKL062W,YPR156C
YNL068C,YPR156C
YKL062W,YPR160W
YDR253C,YPR167C
YBR182C,YPR167C
YIL101C,YPR184W
YLR176C,YPR184W
YKL062W,YPR184W
YKL109W,YPR191W
YJL110C,YAL022C
YLR131C,YAL023C
YPL248C,YAL044C
YMR037C,YAL060W
YDR216W,YAL062W
YJL089W,YAR035W
YNL314W,YBL011W
YKL038W,YBL015W
YOR358W,YBL015W
YBL021C,YBL033C
YPR065W,YBL045C
YHR206W,YBL064C
YBR182C,YBR003W
YHR124W,YBR018C
YBL103C,YBR035C
YNL314W,YBR085W
YPL075W,YBR092C
YKL015W,YBR115C
YMR070W,YBR117C
YJL089W,YBR117C
YIL101C,YBR126C
YDR216W,YBR145W
YIL131C,YBR149W
YBR182C,YBR176W
YMR037C,YBR183W
YJR094C,YBR192W
YHR178W,YBR205W
YGL071W,YBR213W
YBL103C,YBR218C
YKL109W,YBR244W
YDR207C,YBR248C
YOR337W,YBR256C
YBL103C,YBR291C
YGL209W,YBR294W
YKL062W,YBR296C
YDR253C,YBR299W
YLR228C,YBR299W
YBL103C,YCL030C
YBL005W,YCL030C
YHR206W,YCL035C
YKL062W,YCL035C
YGR044C,YCL038C
YKL109W,YCL038C
YDR216W,YCL040W
YIL101C,YCL040W
YLR228C,YCR005C
YLR256W,YCR048W
YJL089W,YCR098C
YEL009C,YDL004W
YGL166W,YDL066W
YIL101C,YDL085W
YMR280C,YDL085W
YPL248C,YDL093W
YFL031W,YDL095W
YDL170W,YDL171C
YMR037C,YDL174C
YKL062W,YDL182W
YJL089W,YDL182W
YNL103W,YDL215C
YBL103C,YDR127W
YKL038W,YDR147W
YBR083W,YDR158W
YDR216W,YDR191W
YKL062W,YDR261C
YHR178W,YDR272W
YMR037C,YDR298C
YKL185W,YDR305C
YPL248C,YDR321W
YOL028C,YDR343C
YKL109W,YDR345C
YBL103C,YDR354W
YCL055W,YDR373W
YDR259C,YDR373W
YFL031W,YDR400W
YBL103C,YDR408C
YPL075W,YDR408C
YDL170W,YDR487C
YDR253C,YDR502C
YBR083W,YDR529C
YNL167C,YEL021W
YKL109W,YEL029C
YGR044C,YEL039C
YGL071W,YEL039C
YJL089W,YEL041W
YHR206W,YEL046C
YLR256W,YEL047C
YLR228C,YEL071W
YKL062W,YER037W
YJR060W,YER053C
YBL005W,YER053C
YEL009C,YER055C
YEL009C,YER056C
YJL110C,YER056C
YKL109W,YER060W
YIL101C,YER060W
YGL209W,YER061C
YDR123C,YER065C
YKL062W,YER065C
YOR337W,YER069W
YOR337W,YER090W
YGL166W,YER091C
YGL209W,YER141W
YKL038W,YER141W
YOR358W,YER152C
YNL204C,YER152C
YPL248C,YER174C
YDR034C,YER175C
YIL131C,YFL017C
YPR065W,YFL030W
YEL009C,YFR015C
YLR176C,YFR015C
YGL209W,YFR015C
YOR337W,YGL026C
YOR358W,YGL040C
YDR123C,YGL055W
YPR065W,YGL055W
YDL170W,YGL125W
YKR064W,YGL186C
YEL009C,YGL186C
YBL103C,YGL186C
YBR083W,YGL191W
YGL209W,YGL191W
YJL089W,YGL205W
YLR228C,YGL253W
YKL062W,YGR019W
YDL170W,YGR055W
YIL101C,YGR088W
YKL112W,YGR088W
YOR028C,YGR088W
YGL166W,YGR110W
YIL036W,YGR124W
YKL109W,YGR171C
YIL131C,YGR177C
YFL021W,YGR204W
YBL103C,YGR204W
YER040W,YGR204W
YHR206W,YGR240C
YGL071W,YGR277C
YMR037C,YGR286C
YGL209W,YGR292W
YKL062W,YHL032C
YOR358W,YHL036W
YIL131C,YHR020W
YIL101C,YHR096C
YDL170W,YHR096C
YIL131C,YHR100C
YCR065W,YHR100C
YLR228C,YHR137W
YIL101C,YIL006W
YGL166W,YIL010W
YGL209W,YIL013C
YEL009C,YIL116W
YGR044C,YIL124W
YKL109W,YIL125W
YKL109W,YIL162W
YNL216W,YIL162W
YLR228C,YIL162W
YBL103C,YIR034C
YNL167C,YJL045W
YPL075W,YJL052W
YBR049C,YJL052W
YJL110C,YJL100W
YKL062W,YJL155C
YPR065W,YJL167W
YDR034C,YJL196C
YGL237C,YJL212C
YMR280C,YJL216C
YGL073W,YJL221C
YLR228C,YJL221C
YDL170W,YJR016C
YLR256W,YJR048W
YHR206W,YJR057W
YMR280C,YJR077C
YKR064W,YJR110W
YGR044C,YJR133W
YBL005W,YJR153W
YOR028C,YJR159W
YLR228C,YKL008C
YMR037C,YKL016C
YEL009C,YKL016C
YGL209W,YKL026C
YKL062W,YKL026C
YMR042W,YKL029C
YOR028C,YKL029C
YOR028C,YKL035W
YFL031W,YKL104C
YDL170W,YKL106W
YOR140W,YKL152C
YKR064W,YKL174C
YEL009C,YKL184W
YGL209W,YKL184W
YOR363C,YKL188C
YEL009C,YKL192C
YER040W,YKL211C
YOR337W,YKL211C
YMR043W,YKL216W
YMR021C,YKR053C
YNL068C,YKR061W
YLR176C,YKR067W
YOR363C,YLL015W
YDL170W,YLL018C
YBL021C,YLL041C
YIL036W,YLR020C
YKL062W,YLR027C
YPR065W,YLR038C
YIL101C,YLR070C
YKL062W,YLR081W
YLR131C,YLR100W
YKL109W,YLR142W
YIL101C,YLR142W
YOL028C,YLR153C
YFL021W,YLR189C
YNL204C,YLR209C
YMR070W,YLR209C
YLR098C,YLR231C
YLR256W,YLR258W
YBR182C,YLR260W
YDL020C,YLR300W
YGL166W,YLR300W
YHR124W,YLR307W
YDR259C,YLR308W
YCR065W,YLR342W
YKL062W,YLR342W
YDR123C,YLR348C
YLR256W,YLR354C
YEL009C,YLR395C
YLR228C,YLR420W
YHR124W,YLR420W
YLR228C,YLR450W
YOR028C,YML004C
YKL109W,YML054C
YMR037C,YML070W
YHR178W,YML075C
YOR028C,YML100W
YBR049C,YML100W
YKL038W,YML106W
YLR256W,YMR006C
YHR178W,YMR006C
YOL028C,YMR015C
YBL103C,YMR108W
YNL103W,YMR169C
YKL062W,YMR189W
YOL028C,YMR220W
YBL103C,YMR250W
YOR358W,YMR267W
YIL101C,YMR293C
YJL110C,YMR300C
YMR070W,YMR300C
YNL167C,YMR319C
YNL027W,YNL003C
YOR363C,YNL037C
YBL005W,YNL101W
YIL036W,YNL104C
YKR034W,YNL117W
YER111C,YNL141W
YFL031W,YNL192W
YKL185W,YNL192W
YOR363C,YNL202W
YNL167C,YNL247W
YDR123C,YNL256W
YJL110C,YNL270C
YNL314W,YNL316C
YHR206W,YNL318C
YMR042W,YNR013C
YJL089W,YNR056C
YJL089W,YNR057C
YOR337W,YOL058W
YOR028C,YOL058W
YDR216W,YOL064C
YNL103W,YOL097C
YPL075W,YOL103W
YJL089W,YOL136C
YGL071W,YOL143C
YPR065W,YOL151W
YMR021C,YOR025W
YPR065W,YOR125C
YGR044C,YOR125C
YBL005W,YOR136W
YJR060W,YOR163W
YBL021C,YOR175C
YPR199C,YOR236W
YOL028C,YOR236W
YJL056C,YOR236W
YOR337W,YOR303W
YDR253C,YOR321W
YMR070W,YOR348C
YMR021C,YOR360C
YKL112W,YOR374W
YGL254W,YOR374W
YGL209W,YOR374W
YKL112W,YOR377W
YOR358W,YPL015C
YPL248C,YPL057C
YGL209W,YPL078C
YLR098C,YPL092W
YGR044C,YPL111W
YML099C,YPL111W
YPL248C,YPL148C
YOL067C,YPL231W
YOR358W,YPL252C
YNL314W,YPL252C
YGL035C,YPL262W
YJL089W,YPR026W
YBL021C,YPR036W
YOR337W,YPR128C
YNL204C,YPR138C
YBR083W,YPR160W
YHR206W,YPR184W
YBR083W,YPR191W
YDR259C,YAL023C
YKL062W,YAL044C
YLR256W,YAL062W
YFL031W,YBL030C
YJR060W,YBL064C
YKL112W,YBR036C
YIL036W,YBR041W
YMR043W,YBR085W
YJR094C,YBR149W
YBR182C,YBR161W
YKL109W,YBR183W
YGL254W,YBR183W
YKL062W,YBR183W
YLR228C,YBR205W
YCR065W,YBR265W
YKR034W,YBR294W
YOR363C,YCL009C
YER040W,YCL030C
YDR423C,YCR024C
YBL005W,YCR034W
YGL166W,YCR036W
YJR094C,YCR083W
YBR182C,YCR098C
YDR034C,YDL131W
YGL073W,YDL141W
YGL209W,YDR001C
YLR228C,YDR019C
YBL103C,YDR035W
YPL075W,YDR050C
YMR070W,YDR062W
YDR146C,YDR127W
YDR034C,YDR127W
YJR060W,YDR135C
YGL071W,YDR204W
YDR034C,YDR234W
YGL035C,YDR261C
YJR094C,YDR268W
YJL089W,YDR272W
YJL089W,YDR297W
YGL035C,YDR298C
YKL109W,YDR300C
YNL103W,YDR343C
YOR337W,YDR354W
YPR065W,YDR373W
YKL112W,YDR481C
YBR182C,YDR487C
YBL021C,YDR502C
YNL204C,YEL017C-A
YMR037C,YEL021W
YBL021C,YEL024W
YMR043W,YEL038W
YMR037C,YEL038W
YBL103C,YEL046C
YBL021C,YEL047C
YHR124W,YER005W
YKL062W,YER023W
YDR123C,YER043C
YGL035C,YER052C
YBR049C,YER061C
YDL020C,YER061C
YGL209W,YER062C
YOR028C,YER062C
YKL109W,YER065C
YOL108C,YER070W
YDL170W,YER081W
YGL209W,YER099C
YKL062W,YER183C
YGL209W,YFL018C
YBL021C,YFL030W
YDR259C,YFL053W
YGL209W,YFL053W
YPR065W,YFR033C
YCR065W,YFR047C
YEL009C,YGL008C
YEL009C,YGL037C
YKL112W,YGL055W
YEL009C,YGL062W
YER111C,YGL062W
YIR023W,YGL125W
YJR094C,YGL186C
YPR065W,YGL187C
YDL170W,YGL202W
YCR065W,YGL224C
YPL075W,YGL256W
YGR044C,YGR060W
YGL071W,YGR088W
YFL031W,YGR121C
YDR253C,YGR155W
YGL209W,YGR183C
YEL009C,YGR183C
YNL103W,YGR244C
YDR216W,YGR244C
YDL170W,YGR248W
YGR044C,YGR248W
YDR253C,YGR254W
YPR065W,YGR255C
YOL108C,YGR267C
YMR280C,YHR001W-A
YML007W,YHR072W
YGL209W,YHR072W
YHR178W,YHR104W
YOR028C,YHR104W
YLR451W,YHR190W
YGL166W,YIL053W
YNL204C,YIL124W
YOR358W,YIL134W
YBL005W,YIL134W
YJR094C,YIL162W
YDR034C,YIR031C
YHR178W,YIR032C
YMR037C,YJL026W
YMR070W,YJL071W
YPR065W,YJL091C
YOL067C,YJL153C
YPL089C,YJL212C
YJL089W,YJL212C
YNL204C,YJL214W
YGL209W,YJL221C
YJR094C,YJL221C
YDR034C,YJR109C
YER040W,YJR109C
YGL071W,YJR137C
YFL021W,YJR152W
YGL209W,YKL016C
YFR034C,YKL029C
YGL071W,YKL184W
YBL021C,YKL212W
YJR060W,YKR058W
YGL035C,YKR061W
YPR199C,YKR066C
YGL209W,YKR067W
YOL028C,YKR069W
YGL254W,YKR097W
YGL209W,YLL012W
YFL031W,YLL028W
YPR065W,YLL052C
YOR028C,YLR027C
YBL005W,YLR028C
YBR049C,YLR043C
YLR228C,YLR081W
YIL036W,YLR089C
YBL103C,YLR089C
YLR451W,YLR109W
YGR044C,YLR133W
YLR131C,YLR134W
YGL209W,YLR146C
YKL062W,YLR153C
YMR021C,YLR209C
YDR259C,YLR209C
YEL009C,YLR237W
YBL103C,YLR240W
YEL009C,YLR295C
YDR146C,YLR348C
YOR363C,YLR348C
YKR034W,YLR355C
YGL071W,YLR359W
YKL062W,YLR377C
YLR256W,YLR447C
YKL062W,YML008C
YER040W,YML056C
YLR256W,YML100W
YLR014C,YML100W
YLR014C,YML120C
YNL027W,YMR008C
YKL185W,YMR008C
YBL005W,YMR008C
YFL031W,YMR008C
YFL021W,YMR009W
YPR199C,YMR011W
YOL067C,YMR020W
YGL166W,YMR020W
YGL035C,YMR062C
YDR123C,YMR088C
YGR044C,YMR105C
YLR256W,YMR105C
YBR083W,YMR113W
YBL005W,YMR120C
YOR358W,YMR145C
YBR083W,YMR145C
YMR037C,YMR169C
YGL166W,YMR169C
YBR083W,YMR169C
YCR065W,YMR189W
YNL216W,YMR226C
YEL009C,YMR241W
YEL009C,YMR250W
YHR206W,YMR250W
YKR064W,YMR278W
YAL051W,YMR313C
YDR034C,YMR319C
YJL089W,YNL009W
YNL027W,YNL142W
YNL167C,YNL192W
YFR034C,YNL192W
YBL005W,YNL220W
YHR084W,YNL220W
YFL031W,YNL268W
YDR259C,YNL318C
YGR044C,YNR001C
YNL216W,YNR008W
YGL237C,YNR008W
YLR131C,YNR008W
YDR216W,YNR012W
YPL075W,YNR019W
YPR065W,YNR043W
YPL075W,YNR043W
YMR042W,YOL020W
YNL103W,YOL068C
YKL112W,YOL086C
YGL073W,YOL103W
YGR044C,YOL151W
YMR070W,YOR065W
YLR256W,YOR109W
YGL209W,YOR128C
YDR034C,YOR128C
YNL167C,YOR311C
YKL185W,YOR323C
YOR140W,YPL015C
YOL028C,YPL053C
YPL089C,YPL057C
YKL112W,YPL061W
YGL035C,YPL061W
YKL112W,YPL069C
YEL009C,YPL078C
YPL075W,YPL087W
YJR094C,YPL147W
YOR337W,YPL188W
YGL035C,YPL214C
YER040W,YPL252C
YBR083W,YPL258C
YEL009C,YPR001W
YMR280C,YPR006C
YPR065W,YPR020W
YLR228C,YPR033C
YOR337W,YPR060C
YOL028C,YPR074C
YNL027W,YPR081C
YLR176C,YPR128C
YBL103C,YPR145W
YKL015W,YPR145W
YLR176C,YPR160W
YMR042W,YPR183W
YGR044C,YPR184W
YMR042W,YPR192W
YPL089C,YAL022C
YMR042W,YAL022C
YER040W,YBL013W
YBR083W,YBL030C
YML007W,YBL033C
YLR256W,YBL045C
YDL020C,YBR020W
YKR034W,YBR023C
YGL035C,YBR039W
YBR049C,YBR092C
YNL167C,YBR110W
YIL131C,YBR117C
YBL005W,YBR153W
YOR028C,YBR183W
YKL062W,YBR199W
YKL038W,YBR244W
YDL170W,YBR256C
YNL068C,YBR296C
YJL056C,YBR296C
YMR043W,YCL030C
YPL089C,YCL035C
YNL204C,YCR012W
YLR256W,YCR024C
YOR028C,YCR024C
YGL166W,YCR083W
YEL009C,YDL066W
YJL089W,YDL093W
YDR034C,YDL093W
YKR034W,YDL171C
YOR363C,YDL171C
YOR363C,YDL215C
YDR259C,YDL247W
YNL204C,YDR050C
YHR178W,YDR173C
YNL167C,YDR208W
YFL021W,YDR234W
YJR094C,YDR236C
YGL209W,YDR272W
YIR023W,YDR368W
YNL068C,YDR428C
YKL185W,YDR483W
YOR337W,YDR487C
YER111C,YDR508C
YGL209W,YDR529C
YLR228C,YEL024W
YOR358W,YEL038W
YMR070W,YEL039C
YER111C,YEL039C
YHR206W,YER043C
YER040W,YER055C
YKL112W,YER060W
YKL062W,YER061C
YML007W,YER062C
YNL167C,YER062C
YOR363C,YER175C
YHR124W,YFL001W
YKL109W,YFL018C
YDR253C,YFL055W
YFL031W,YGL001C
YFL031W,YGL008C
YDR146C,YGL008C
YBL103C,YGL026C
YMR037C,YGL037C
YPL089C,YGL037C
YFL031W,YGL084C
YBL005W,YGL186C
YDL170W,YGL224C
YBR182C,YGL248W
YER040W,YGL256W
YMR070W,YGL256W
YOL108C,YGR007W
YDR253C,YGR157W
YDL020C,YGR180C
YKL038W,YGR183C
YBR083W,YGR183C
YBL103C,YGR185C
YMR021C,YGR191W
YDR034C,YGR192C
YOR028C,YGR243W
YOR363C,YGR247W
YGL209W,YHR001W-A
YBR083W,YHR018C
YPR065W,YHR037W
YOL108C,YHR051W
YKL109W,YHR063C
YLR176C,YHR092C
YLR131C,YHR094C
YFL021W,YHR096C
YOR363C,YHR137W
YNL204C,YHR174W
YKR034W,YHR183W
YIR023W,YIL009W
YNL216W,YIL009W
YGL035C,YIL083C
YIL131C,YIL094C
YDR216W,YIL125W
YGL166W,YIL155C
YGL209W,YIL160C
YLR014C,YIL162W
YJL089W,YIR034C
YBL103C,YJL071W
YOR337W,YJL071W
YGL209W,YJL088W
YDR034C,YJL088W
YGL166W,YJL166W
YJL056C,YJL214W
YBR182C,YJL216C
YDR123C,YJR001W
YDR034C,YJR009C
YLR256W,YJR009C
YDR123C,YJR073C
YBL005W,YJR148W
YKL062W,YJR158W
YGL073W,YKL019W
YER040W,YKL035W
YHR206W,YKL067W
YFL031W,YKL165C
YMR042W,YKL184W
YOR363C,YKR009C
YEL009C,YKR039W
YNL103W,YKR039W
YDL170W,YKR043C
YKL109W,YKR072C
YPL089C,YKR072C
YCR065W,YLL012W
YLR131C,YLR044C
YDL020C,YLR146C
YKL038W,YLR153C
YKL109W,YLR174W
YDR146C,YLR209C
YCR065W,YLR237W
YML007W,YLR299W
YMR037C,YLR328W
YKL062W,YMR011W
YLR176C,YMR011W
YML007W,YMR041C
YBL021C,YMR056C
YMR037C,YMR105C
YDL170W,YMR105C
YOL028C,YMR120C
YPL248C,YMR189W
YFL031W,YMR205C
YKL038W,YMR208W
YNL204C,YMR256C
YKL062W,YMR261C
YPR065W,YMR298W
YJL056C,YMR319C
YJR094C,YNL009W
YBL005W,YNL037C
YNL103W,YNL101W
YEL009C,YNL106C
YER040W,YNL129W
YKR034W,YNL129W
YMR070W,YNL141W
YOR337W,YNL142W
YOL067C,YNL169C
YLR131C,YNL169C
YCL055W,YNL192W
YDR216W,YNL318C
YNL027W,YNR019W
YBL005W,YNR057C
YNL314W,YOL020W
YBL005W,YOL058W
YGR044C,YOL065C
YOL067C,YOL065C
YMR037C,YOL068C
YOL067C,YOL068C
YIL131C,YOL140W
YBL021C,YOR011W
YDL020C,YOR071C
YDL170W,YOR099W
YIL131C,YOR108W
YBL005W,YOR120W
YOR337W,YOR143C
YOL028C,YOR171C
YLR228C,YOR175C
YHR124W,YOR190W
YNL204C,YOR190W
YOR028C,YOR273C
YFL031W,YPL057C
YDL170W,YPL104W
YKL185W,YPL231W
YEL009C,YPL252C
YKL062W,YPR002W
YOR028C,YPR020W
YDR123C,YPR026W
YPL075W,YPR035W
YKR034W,YPR138C
YJL056C,YPR140W
YPR065W,YPR191W
YFL031W,YAL023C
YKR064W,YAR035W
YPR065W,YBL030C
YGL209W,YBL045C
YLR228C,YBL099W
YJL089W,YBR004C
YLR098C,YBR034C
YDR207C,YBR041W
YNL314W,YBR205W
YHR206W,YBR252W
YDR123C,YBR256C
YNL216W,YBR265W
YFR034C,YCL018W
YGL237C,YCL025C
YBR049C,YCL038C
YDL020C,YCL050C
YJR094C,YCR010C
YGR044C,YCR075C
YDR146C,YDL042C
YHR084W,YDL055C
YHR206W,YDL103C
YKL038W,YDL168W
YKR064W,YDL182W
YKR034W,YDL238C
YNL204C,YDL247W
YNL216W,YDR001C
YFR034C,YDR019C
YLR256W,YDR074W
YPR065W,YDR147W
YKL038W,YDR232W
YNL068C,YDR297W
YLR098C,YDR297W
YLR176C,YDR343C
YGL209W,YDR380W
YGR044C,YDR483W
YOL108C,YDR502C
YJL056C,YDR508C
YKL062W,YDR513W
YBR083W,YEL024W
YIL101C,YEL039C
YKL062W,YEL039C
YMR280C,YEL069C
YIL101C,YEL071W
YGL013C,YER055C
YBR182C,YER060W
YGR044C,YER062C
YPL075W,YER062C
YPR199C,YER070W
YER111C,YER091C
YNL314W,YER174C
YOR337W,YER175C
YMR280C,YFL030W
YKL062W,YGL009C
YFL021W,YGL062W
YFR034C,YGL063W
YKL062W,YGL186C
YMR037C,YGL187C
YMR070W,YGL187C
YNL103W,YGL202W
YOL028C,YGL253W
YGL209W,YGR055W
YBR083W,YGR055W
YKR034W,YGR121C
YMR070W,YGR143W
YJL056C,YGR191W
YGL073W,YGR208W
YBR182C,YGR243W
YKL062W,YGR255C
YPL075W,YGR260W
YKL038W,YGR264C
YER040W,YGR267C
YPR199C,YHL016C
YBR049C,YHL036W
YJR060W,YHR011W
YER040W,YHR018C
YPL089C,YHR020W
YOL108C,YHR025W
YOL028C,YHR026W
YGL209W,YHR051W
YDR216W,YHR096C
YKL109W,YHR096C
YDR034C,YHR100C
YHR084W,YHR100C
YMR037C,YHR104W
YBL103C,YHR162W
YKR064W,YHR190W
YER040W,YHR216W
YJL089W,YIL099W
YLR176C,YIL099W
YLR098C,YIL107C
YHR178W,YIL155C
YJR094C,YIL160C
YOL028C,YIL162W
YKL062W,YIR031C
YHR124W,YIR037W
YLR176C,YJL052W
YJR094C,YJL071W
YKL062W,YJL166W
YHR206W,YJL221C
YMR037C,YJR048W
YBL021C,YJR077C
YGL035C,YJR109C
YOL108C,YJR110W
YPL075W,YKL035W
YML007W,YKL132C
YDL170W,YKL192C
YNL314W,YKL216W
YDR123C,YKL216W
YOR028C,YKR058W
YKR064W,YKR067W
YMR043W,YKR072C
YMR280C,YKR097W
YNL204C,YLL031C
YLR228C,YLL031C
YPR199C,YLR017W
YFL031W,YLR044C
YOL108C,YLR056W
YGL209W,YLR058C
YHR124W,YLR109W
YDR423C,YLR172C
YKL062W,YLR295C
YIL101C,YLR299W
YGL035C,YLR304C
YNL068C,YLR328W
YHR178W,YLR348C
YPR065W,YLR395C
YMR037C,YLR410W
YPR065W,YLR420W
YHR206W,YMR105C
YEL009C,YMR145C
YKL015W,YMR205C
YOL028C,YMR208W
YKL062W,YMR300C
YNL204C,YMR303C
YKL112W,YMR318C
YPL248C,YNL202W
YOR363C,YNL270C
YNL068C,YNL280C
YKL109W,YNL318C
YPL248C,YNL318C
YOL067C,YNR013C
YGL013C,YNR041C
YKL062W,YNR043W
YHR206W,YOL011W
YOR363C,YOL033W
YMR280C,YOL033W
YPL075W,YOL055C
YKL062W,YOL059W
YDL170W,YOL064C
YBR083W,YOR081C
YMR021C,YOR128C
YDL020C,YOR128C
YER040W,YOR130C
YPR065W,YOR221C
YMR037C,YOR273C
YOL108C,YOR317W
YNL204C,YPL057C
YBL103C,YPL092W
YPL075W,YPL206C
YDL170W,YPL212C
YER040W,YPL231W
YDR216W,YPL234C
YGL071W,YPL244C
YEL009C,YPL271W
YOR363C,YPR001W
YBR182C,YPR047W
YDL170W,YPR145W
YKR064W,YPR159W
YMR070W,YPR191W
YJR094C,YPR192W
YHR084W,YAL022C
YBL005W,YAL044C
YBR182C,YAL044C
YBL005W,YAR015W
YHR124W,YAR071W
YLR131C,YAR071W
YGL209W,YBL099W
YKL015W,YBR006W
YKR034W,YBR006W
YJL110C,YBR035C
YKL112W,YBR085W
YMR037C,YBR127C
YOR363C,YBR166C
YEL009C,YBR180W
YIL036W,YBR205W
YER040W,YBR256C
YOR337W,YCL009C
YEL009C,YCL018W
YKL185W,YCL040W
YGL166W,YCL040W
YDR259C,YCR024C
YLR228C,YCR024C-A
YPL089C,YCR036W
YBL021C,YCR036W
YOR140W,YCR048W
YCR065W,YDL066W
YGL209W,YDL067C
YDL170W,YDL080C
YOL028C,YDL085W
YMR043W,YDL093W
YDL020C,YDL100C
YHR124W,YDL103C
YBR182C,YDL178W
YPL075W,YDR001C
YNL216W,YDR017C
YFL031W,YDR072C
YLR256W,YDR127W
YOR337W,YDR158W
YMR037C,YDR208W
YGL071W,YDR236C
YOR358W,YDR268W
YJL089W,YDR380W
YBR182C,YDR399W
YGL035C,YDR400W
YDR259C,YDR402C
YPR199C,YDR428C
YKL062W,YDR428C
YGL035C,YDR428C
YHR178W,YDR454C
YOL108C,YDR497C
YBR083W,YDR536W
YKL112W,YEL024W
YEL009C,YEL027W
YER040W,YEL029C
YNL314W,YEL042W
YBL021C,YER014W
YIL101C,YER014W
YPR065W,YER014W
YHR178W,YER037W
YIR023W,YER043C
YER040W,YER056C
YOL028C,YER099C
YPR065W,YER141W
YMR037C,YFL011W
YDR146C,YFL017C
YIL131C,YFL022C
YPR065W,YFL045C
YDR216W,YFR019W
YMR280C,YFR025C
YDR259C,YGL062W
YHR178W,YGL084C
YNL204C,YGL084C
YLR176C,YGL142C
YOL108C,YGL248W
YOR358W,YGR032W
YML007W,YGR055W
YPL089C,YGR065C
YCR065W,YGR180C
YMR037C,YGR244C
YLR256W,YGR244C
YHR124W,YGR256W
YAL051W,YGR260W
YNL204C,YGR282C
YMR037C,YHR018C
YKL015W,YHR018C
YFL021W,YHR037W
YEL009C,YHR051W
YDR216W,YHR106W
YBR182C,YHR123W
YCR065W,YHR123W
YKR034W,YHR128W
YBR083W,YIL009W
YCR065W,YIL111W
YER040W,YIL116W
YOR363C,YJL045W
YHR084W,YJL052W
YMR021C,YJL100W
YEL009C,YJL121C
YJL089W,YJL153C
YBR083W,YJL167W
YNL027W,YJR016C
YGL166W,YJR019C
YEL009C,YJR073C
YPR199C,YJR109C
YOL108C,YJR152W
YML099C,YJR152W
YOR337W,YKL026C
YKL062W,YKL094W
YDR216W,YKL104C
YBR083W,YKL104C
YLR176C,YKL132C
YKL038W,YKL146W
YOR363C,YKL148C
YKL112W,YKL181W
YDR253C,YKL184W
YFL031W,YKL184W
YPR199C,YKL212W
YML007W,YKR039W
YFR034C,YKR066C
YOL028C,YKR072C
YDR146C,YKR072C
YKL062W,YKR080W
YPL089C,YLR058C
YOR363C,YLR089C
YML099C,YLR138W
YKL112W,YLR146C
YDL020C,YLR174W
YGL071W,YLR258W
YPL089C,YLR300W
YKR034W,YLR328W
YGL166W,YLR438W
YMR070W,YML054C
YOL028C,YMR020W
YDR123C,YMR041C
YKL185W,YMR088C
YNL204C,YMR088C
YKL062W,YMR108W
YIL036W,YMR165C
YKR064W,YMR261C
YML007W,YMR296C
YNL027W,YMR298W
YBL005W,YMR300C
YHR178W,YMR318C
YLR256W,YNL045W
YHR124W,YNL101W
YOR358W,YNL130C
YNL204C,YNL130C
YKL112W,YNL142W
YNL167C,YNL169C
YCR065W,YNL220W
YBR182C,YNL220W
YHR178W,YNL267W
YFL031W,YNL270C
YGL035C,YNR001C
YNL204C,YNR008W
YDL170W,YNR041C
YKR064W,YNR058W
YKL062W,YNR072W
YML007W,YOL151W
YIL036W,YOR099W
YJL056C,YOR120W
YGR044C,YOR136W
YNL216W,YOR175C
YGL035C,YOR184W
YKR034W,YOR190W
YBR083W,YOR374W
YDR216W,YOR374W
YMR043W,YPL265W
YEL009C,YPR020W
YMR037C,YPR020W
YGL209W,YPR026W
YOR358W,YPR033C
YPL089C,YPR035W
YPL089C,YPR081C
YEL009C,YPR145W
YBL005W,YBL011W
YFL031W,YBL099W
YKL038W,YBR006W
YDR034C,YBR019C
YGR044C,YBR021W
YNL204C,YBR036C
YNL167C,YBR041W
YDR216W,YBR126C
YNL314W,YBR145W
YMR037C,YBR161W
YMR070W,YBR183W
YGL209W,YBR199W
YGR044C,YBR204C
YGL071W,YBR248C
YGL209W,YCR024C
YPL089C,YCR075C
YMR037C,YDL067C
YEL009C,YDL078C
YOR140W,YDL085W
YGL035C,YDL131W
YJR060W,YDL238C
YHR178W,YDR019C
YGL071W,YDR035W
YKR034W,YDR046C
YKL112W,YDR046C
YEL009C,YDR050C
YGL209W,YDR148C
YBR182C,YDR191W
YDR146C,YDR297W
YFL021W,YDR302W
YGL209W,YDR305C
YML007W,YDR353W
YHR178W,YDR373W
YDR034C,YDR487C
YMR070W,YDR487C
YNL068C,YEL017C-A
YEL009C,YEL024W
YOR363C,YEL046C
YJL110C,YEL063C
YLR098C,YER005W
YGL166W,YER015W
YBL103C,YER024W
YMR070W,YER062C
YDR034C,YER086W
YBL103C,YER183C
YML007W,YFL053W
YNL204C,YFL053W
YKL109W,YFR015C
YEL009C,YFR025C
YBL103C,YFR030W
YDL170W,YFR030W
YDR146C,YGL001C
YGR044C,YGL037C
YJR094C,YGL062W
YCR065W,YGL125W
YDR034C,YGL154C
YCR065W,YGL234W
YBL005W,YGR143W
YML099C,YGR180C
YNL204C,YGR191W
YOR028C,YGR191W
YDL020C,YGR240C
YEL009C,YGR248W
YGR044C,YGR256W
YGL209W,YGR260W
YJL089W,YGR286C
YDR259C,YGR287C
YER111C,YGR287C
YHR124W,YHR020W
YNL204C,YHR123W
YKL038W,YHR144C
YGL013C,YIL078W
YPL075W,YIL094C
YOL067C,YIL094C
YGL166W,YIL124W
YDL170W,YIL160C
YJL089W,YIL160C
YKL038W,YIR029W
YEL009C,YIR037W
YER111C,YJL005W
YPR199C,YJR139C
YLR228C,YKL004W
YNL204C,YKL024C
YBL021C,YKL080W
YKL112W,YKL085W
YPL248C,YKL127W
YHR206W,YKL188C
YHR178W,YKL188C
YKR034W,YKL192C
YGL254W,YKL211C
YNL167C,YLL012W
YGL071W,YLL041C
YML007W,YLL061W
YJL110C,YLR142W
YOR028C,YLR180W
YJL110C,YLR209C
YJL089W,YLR284C
YNL204C,YLR300W
YOR358W,YLR303W
YGL209W,YLR328W
YKR034W,YLR354C
YCR065W,YLR355C
YBR083W,YML070W
YKL038W,YML075C
YMR070W,YML075C
YDR034C,YMR120C
YOL108C,YMR205C
YMR037C,YMR256C
YDL020C,YMR278W
YKL062W,YMR278W
YMR042W,YNL037C
YBL021C,YNL037C
YKR034W,YNL045W
YDL170W,YNL101W
YEL009C,YNL142W
YKR064W,YNL142W
YJL110C,YNL142W
YFL031W,YNL169C
YKL112W,YNL192W
YDL170W,YNL292W
YNL204C,YNR072W
YKR034W,YOL011W
YHR084W,YOL011W
YJL089W,YOL058W
YGL071W,YOL126C
YOL067C,YOR071C
YDR034C,YOR108W
YNL216W,YOR120W
YBL005W,YOR128C
YBL103C,YOR130C
YJR094C,YOR192C
YNL027W,YOR209C
YFL031W,YOR209C
YOL028C,YOR317W
YGL209W,YOR360C
YML007W,YOR374W
YBR083W,YPL069C
YKL109W,YPL134C
YKL062W,YPL206C
YIL101C,YPL265W
YHR178W,YPR021C
YCR065W,YPR138C
YMR037C,YPR145W
YFL031W,YPR159W
YDR216W,YPR184W
YOR358W,YAR035W
YMR037C,YBL030C
YGL166W,YBL033C
YDR216W,YBL039C
YKR034W,YBR019C
YKL062W,YBR021W
YPL248C,YBR038W
YML007W,YBR068C
YGL209W,YBR068C
YOR337W,YBR166C
YBL021C,YBR192W
YGR044C,YBR196C
YDL170W,YBR249C
YBL103C,YBR249C
YBR083W,YCR048W
YOL067C,YCR098C
YBL103C,YDL066W
YJL089W,YDL066W
YOR028C,YDL085W
YER040W,YDL095W
YBL021C,YDL174C
YDR216W,YDL182W
YGL013C,YDR001C
YMR070W,YDR037W
YLR256W,YDR044W
YEL009C,YDR178W
YHR178W,YDR196C
YOR028C,YDR232W
YER111C,YDR268W
YML007W,YDR297W
YMR280C,YDR298C
YJR094C,YDR376W
YJR094C,YDR384C
YBR083W,YDR384C
YOL067C,YDR408C
YDR253C,YDR453C
YBR083W,YDR497C
YGL209W,YDR502C
YGL209W,YDR513W
YLR098C,YEL006W
YGL035C,YEL063C
YKL062W,YER014W
YDR034C,YER052C
YDR034C,YER069W
YER040W,YER175C
YDR259C,YFL011W
YEL009C,YFL017C
YKL038W,YFL030W
YGL254W,YFL055W
YOL067C,YFR047C
YIL131C,YGL012W
YOR358W,YGL142C
YHR178W,YGL142C
YDL170W,YGL148W
YOL067C,YGL186C
YHR206W,YGR019W
YGR044C,YGR020C
YIL131C,YGR087C
YGL071W,YGR143W
YNL204C,YGR157W
YBL021C,YGR177C
YBL103C,YGR202C
YPR065W,YGR247W
YDR034C,YGR267C
YHR206W,YGR292W
YKR034W,YHL011C
YEL009C,YHR018C
YLR256W,YHR074W
YHR178W,YHR091C
YKL062W,YHR104W
YIL131C,YHR128W
YNL314W,YHR183W
YHR206W,YHR208W
YDR146C,YIL053W
YGR044C,YIL083C
YLR256W,YIL111W
YOL028C,YIL145C
YIL131C,YIL145C
YOR358W,YIL160C
YFL021W,YIR031C
YBL005W,YJL088W
YKL062W,YJL100W
YLR451W,YJL129C
YOR358W,YJL155C
YJR094C,YJR013W
YDR146C,YJR110W
YCR065W,YJR143C
YFL031W,YJR158W
YOL108C,YKL026C
YOR140W,YKL055C
YNL204C,YKL060C
YLR131C,YKL080W
YJR060W,YKL088W
YJR094C,YKL188C
YGL071W,YKL216W
YNL027W,YKR039W
YBL005W,YLL028W
YFL031W,YLR028C
YOL028C,YLR100W
YGL166W,YLR138W
YDL170W,YLR172C
YKL062W,YLR174W
YHR206W,YLR258W
YKL062W,YLR348C
YHR178W,YLR354C
YGL209W,YMR011W
YMR021C,YMR013C
YKL015W,YMR062C
YGR044C,YMR083W
YKL062W,YMR169C
YGL237C,YMR246W
YMR070W,YMR256C
YML007W,YMR272C
YBR049C,YMR296C
YBL021C,YMR319C
YNL027W,YNL029C
YNL103W,YNL267W
YCL055W,YNL280C
YLR228C,YOL136C
YBL103C,YOL140W
YHR178W,YOL151W
YHR124W,YOR040W
YCR065W,YOR081C
YNL103W,YOR081C
YPR065W,YOR175C
YDL056W,YOR202W
YBL103C,YOR202W
YJL056C,YOR221C
YGL013C,YOR222W
YOR337W,YOR222W
YBR182C,YOR273C
YKR034W,YOR348C
YNL068C,YPL036W
YGL013C,YPL104W
YJL110C,YPL147W
YJL089W,YPR006C
YKL062W,YPR020W
YMR280C,YPR026W
YDL170W,YPR035W
YOR363C,YPR060C
YKL015W,YPR159W
YIR023W,YAL038W
YFL031W,YAL038W
YBL021C,YBL064C
YOL067C,YBR004C
YBR083W,YBR011C
YIL131C,YBR092C
YER111C,YBR132C
YKR064W,YBR166C
YLR256W,YBR213W
YDR034C,YBR218C
YML007W,YBR252W
YGL209W,YBR263W
YHR206W,YBR293W
YMR070W,YCL038C
YMR037C,YCL069W
YKL062W,YCR005C
YGL035C,YCR034W
YFL031W,YDL022W
YKL109W,YDL080C
YKL038W,YDL085W
YGR044C,YDL085W
YLR228C,YDL095W
YHR124W,YDL131W
YEL009C,YDL171C
YGL013C,YDR044W
YDR259C,YDR044W
YBL005W,YDR072C
YGL071W,YDR074W
YDL020C,YDR074W
YOR337W,YDR127W
YPR065W,YDR261C
YDL170W,YDR302W
YJR060W,YDR305C
YKL109W,YDR368W
YEL009C,YDR384C
YNL204C,YDR497C
YJL089W,YDR536W
YLR176C,YEL058W
YNL204C,YEL071W
YLR256W,YER014W
YMR070W,YER014W
YNL314W,YER015W
YDL020C,YER056C
YKL109W,YER062C
YEL009C,YER081W
YKL112W,YER152C
YHR206W,YFR015C
YER040W,YFR030W
YDR123C,YGL125W
YOL067C,YGL224C
YGL073W,YGR060W
YPL089C,YGR138C
YOR337W,YGR204W
YMR280C,YGR208W
YHR124W,YGR243W
YOR358W,YGR247W
YDR216W,YHR104W
YDR253C,YHR137W
YKR034W,YHR163W
YKL062W,YHR190W
YIL131C,YIL020C
YNL314W,YIL066C
YOL028C,YIL083C
YBL021C,YIL094C
YIL101C,YIL107C
YER111C,YIL155C
YMR280C,YIL155C
YAL051W,YJL005W
YIL101C,YJL026W
YGL071W,YJL052W
YEL009C,YJL052W
YDR423C,YJL100W
YMR037C,YJL166W
YCR065W,YJL196C
YLR131C,YJL221C
YDR216W,YJR019C
YOR337W,YJR109C
YOR363C,YJR148W
YCL055W,YKL094W
YKL109W,YKR067W
YDR216W,YKR097W
YNL103W,YKR097W
YKL109W,YLR109W
YMR021C,YLR146C
YLR098C,YLR172C
YGL209W,YLR258W
YJR094C,YLR284C
YOR028C,YLR299W
YJR060W,YML054C
YBR182C,YML110C
YDR034C,YML110C
YKL185W,YMR083W
YMR070W,YMR120C
YDR216W,YMR145C
YEL009C,YMR217W
YKL109W,YMR272C
YDL020C,YMR300C
YHR124W,YMR318C
YNL027W,YNL045W
YBL021C,YNL129W
YNL027W,YNL129W
YOL108C,YNL130C
YNL314W,YNL192W
YJL110C,YNL202W
YJL056C,YNL241C
YOR337W,YNL280C
YDR034C,YNL318C
YHR124W,YNR019W
YOR337W,YNR067C
YPR199C,YOL011W
YBL005W,YOL140W
YGL209W,YOR065W
YPR065W,YOR099W
YPL089C,YOR108W
YFL031W,YOR176W
YDR216W,YOR222W
YOL067C,YOR222W
YBL021C,YOR236W
YGL071W,YOR317W
YMR037C,YOR317W
YGL209W,YOR332W
YDL170W,YOR360C
YIL101C,YOR374W
YFL031W,YPL015C
YMR280C,YPL040C
YGL166W,YPL111W
YKL112W,YPL234C
YIL131C,YPL252C
YDR253C,YPL274W
YML007W,YPR060C
YLR228C,YAL044C
YNL027W,YBL013W
YFR034C,YBL015W
YHR178W,YBR006W
YGL071W,YBR023C
YNL216W,YBR026C
YFL031W,YBR127C
YBL005W,YBR132C
YDR216W,YBR132C
YLR256W,YBR145W
YDL170W,YBR149W
YML007W,YBR161W
YBR083W,YBR252W
YBR182C,YBR291C
YBL103C,YCL009C
YOL108C,YCR024C-A
YML007W,YCR075C
YNL314W,YCR075C
YGL254W,YCR098C
YGL209W,YDL004W
YNL103W,YDR037W
YIL101C,YDR074W
YDL056W,YDR127W
YGL166W,YDR208W
YDR259C,YDR268W
YGL035C,YDR294C
YKL185W,YDR497C
YKL038W,YEL021W
YHR206W,YEL071W
YHR206W,YER053C
YKR064W,YER055C
YOR337W,YER073W
YDR259C,YER141W
YMR043W,YFL055W
YBL103C,YGL001C
YDR253C,YGL009C
YOR140W,YGL125W
YEL009C,YGL205W
YPR199C,YGR088W
YGL073W,YGR143W
YCR065W,YGR175C
YPR199C,YGR177C
YNL204C,YGR192C
YPL075W,YGR192C
YNL068C,YGR240C
YKL112W,YGR254W
YCR065W,YGR267C
YLR131C,YGR292W
YMR043W,YGR292W
YIL131C,YHR011W
YHR206W,YHR020W
YDR253C,YHR046C
YOR363C,YHR208W
YNL167C,YJL068C
YDL170W,YJL071W
YDL170W,YJL088W
YKL185W,YJL167W
YGL166W,YJL196C
YJR094C,YJL216C
YIL131C,YJR009C
YCR065W,YJR049C
YGL209W,YJR077C
YLR451W,YJR133W
YFR034C,YJR139C
YOL108C,YJR158W
YBR182C,YKL019W
YML099C,YKL085W
YIL101C,YKL120W
YDR216W,YKL217W
YML007W,YKR067W
YLR228C,YLL028W
YOL067C,YLR056W
YLR098C,YLR092W
YLR098C,YLR100W
YLR131C,YLR133W
YFL031W,YLR134W
YOR337W,YLR172C
YMR037C,YLR258W
YLR176C,YLR258W
YDR253C,YLR354C
YMR037C,YLR395C
YJR060W,YML022W
YMR037C,YMR006C
YPL089C,YMR009W
YBR083W,YMR009W
YBL021C,YMR011W
YKL015W,YMR202W
YIL131C,YMR202W
YIR023W,YMR208W
YBL005W,YMR272C
YBR182C,YMR293C
YEL009C,YNL052W
YDR216W,YNL129W
YHR206W,YNL220W
YMR037C,YNL270C
YKL038W,YNR019W
YKL062W,YNR019W
YNL167C,YNR019W
YOR363C,YNR058W
YHR206W,YOL049W
YNL204C,YOL086C
YBL005W,YOL126C
YCR065W,YOR025W
YOL108C,YOR054C
YHR178W,YOR071C
YKL062W,YOR128C
YBL103C,YOR184W
YER040W,YOR209C
YLR451W,YOR377W
YGL209W,YPL015C
YHR206W,YPL057C
YOR363C,YPL092W
YJL089W,YPL147W
YNL204C,YPL189W
YPL075W,YPL265W
YMR280C,YPL268W
YKR034W,YPR060C
YKL112W,YPR156C
YGL071W,YPR160W
YGL209W,YPR191W
YJL110C,YAL044C
YGL209W,YAR015W
YNL167C,YBL011W
YKR064W,YBL013W
YCR065W,YBL013W
YLR228C,YBL030C
YIL101C,YBL030C
YBL021C,YBL045C
YGL209W,YBL098W
YGL035C,YBR004C
YKR034W,YBR020W
YCR065W,YBR021W
YHR178W,YBR085W
YHR206W,YBR149W
YGL209W,YBR265W
YMR037C,YCL030C
YJL089W,YCL038C
YKL062W,YCL052C
YFL031W,YCR048W
YMR070W,YDL090C
YOL067C,YDL142C
YGL071W,YDR001C
YIL036W,YDR062W
YER040W,YDR261C
YGL209W,YDR343C
YNL027W,YDR368W
YHR124W,YDR399W
YHR124W,YDR403W
YGL035C,YDR454C
YBL103C,YDR487C
YLR228C,YEL069C
YDR123C,YEL071W
YNL027W,YEL071W
YGR044C,YER014W
YJR094C,YER015W
YDL170W,YER052C
YLR176C,YER062C
YMR280C,YER065C
YPL089C,YER086W
YEL009C,YFL030W
YOR358W,YFL053W
YGL237C,YFR015C
YEL009C,YFR047C
YLR176C,YFR053C
YIL131C,YGL080W
YOR337W,YGL184C
YPL248C,YGL186C
YMR280C,YGL205W
YKL185W,YGL224C
YFL031W,YGL225W
YKL109W,YGL253W
YKL185W,YGR019W
YBL021C,YGR065C
YNL068C,YGR177C
YFR034C,YGR202C
YOL028C,YGR208W
YBR049C,YGR255C
YGL209W,YGR256W
YDR259C,YGR264C
YOR337W,YGR289C
YBL005W,YHR042W
YHR084W,YHR068W
YKL062W,YHR100C
YPL075W,YHR174W
YFL021W,YHR183W
YPR065W,YHR190W
YJR094C,YIL009W
YBR182C,YIL099W
YJR094C,YIL107C
YDL170W,YIL134W
YDL170W,YIL155C
YLR098C,YIR031C
YDL170W,YIR037W
YDL170W,YJL052W
YNL027W,YJL101C
YOL108C,YJL101C
YOR028C,YJL221C
YBR182C,YJR010W
YOR358W,YJR077C
YMR021C,YJR078W
YOR337W,YJR130C
YIL036W,YJR143C
YOR028C,YKL104C
YOR358W,YKL106W
YJR094C,YKL194C
YKR034W,YKL212W
YAL051W,YKR053C
YDR123C,YKR058W
YDR034C,YLL028W
YGL209W,YLL043W
YMR021C,YLL062C
YJR094C,YLR028C
YHR206W,YLR028C
YNL068C,YLR056W
YDR259C,YLR231C
YBL103C,YLR438W
YOR358W,YLR438W
YMR037C,YML004C
YOL028C,YML008C
YMR021C,YMR054W
YOR028C,YMR169C
YKR064W,YMR202W
YEL009C,YMR226C
YGL013C,YMR271C
YGL035C,YNL130C
YNL103W,YNL202W
YER111C,YNL325C
YDL170W,YNR057C
YNL314W,YNR067C
YMR070W,YOL061W
YHR084W,YOL151W
YLR256W,YOR171C
YJL089W,YOR180C
YPL075W,YOR273C
YOL028C,YOR311C
YPR065W,YOR321W
YIR023W,YOR332W
YIL131C,YPL028W
YOR358W,YPL078C
YHR206W,YPL091W
YOR358W,YPL148C
YKL015W,YPL206C
YKL062W,YPL274W
YGL237C,YPR047W
YJL089W,YPR060C
YGL209W,YPR113W
